"","reef_no","replicate","perimeter_m","area_m2","diam_longest_m","diam_perpendic_m","imagery_resolution_m","date","method","platform","imagery_type","provider","instrument","observer","notes"
"1",19,1,101.7,NA,"36","27",NA,20190521,"field","boat",NA,NA,"transect tape","SF",NA
"2",19,2,NA,NA,NA,NA,NA,20190521,"field","boat",NA,NA,"transect tape","SF",NA
"3",19,3,NA,NA,NA,NA,NA,20190521,"field","boat",NA,NA,"transect tape","SF",NA
"4",19,1,121,1111,NA,NA,0.15,20130115,"imagery","Google Earth","aerial","unknown","unknown","SF",NA
"5",19,2,119,1092,NA,NA,0.15,20130115,"imagery","Google Earth","aerial","unknown","unknown","SF",NA
"6",19,3,116,1047,NA,NA,0.15,20130115,"imagery","Google Earth","aerial","unknown","unknown","SF",NA
"7",19,1,138,1425,NA,NA,0.5,20130822,"imagery","Google Earth","satellite","DigitalGlobe","WorldView-1/2, GeoEye-1, or Quickbird","SF",NA
"8",19,2,136,1432,NA,NA,0.5,20130822,"imagery","Google Earth","satellite","DigitalGlobe","WorldView-1/2, GeoEye-1, or Quickbird","SF",NA
"9",19,3,132,1336,NA,NA,0.5,20130822,"imagery","Google Earth","satellite","DigitalGlobe","WorldView-1/2, GeoEye-1, or Quickbird","SF",NA
"10",19,1,116,1028,NA,NA,1,20110108,"imagery","Google Earth","satellite","DigitalGlobe","Ikonos","SF",NA
"11",19,2,118,1064,NA,NA,1,20110108,"imagery","Google Earth","satellite","DigitalGlobe","Ikonos","SF",NA
"12",19,3,116,1031,NA,NA,1,20110108,"imagery","Google Earth","satellite","DigitalGlobe","Ikonos","SF",NA
"13",19,1,126,1209,NA,NA,2,20030412,"imagery","Google Earth","satellite","DigitalGlobe","EarlyBird-1 (not 100% sure)","SF",NA
"14",19,2,118,1071,NA,NA,2,20030412,"imagery","Google Earth","satellite","DigitalGlobe","EarlyBird-1 (not 100% sure)","SF",NA
"15",19,3,124,1186,NA,NA,2,20030412,"imagery","Google Earth","satellite","DigitalGlobe","EarlyBird-1 (not 100% sure)","SF",NA
"16",19,1,145.9,1540,NA,NA,3,20190316,"imagery","PlanetExplorer","satellite","Planet","PlanetScope (formerly Dove CubeSats)","SF",NA
"17",19,2,128.17,1120,NA,NA,3,20190316,"imagery","PlanetExplorer","satellite","Planet","PlanetScope (formerly Dove CubeSats)","SF",NA
"18",19,3,132.81,1260,NA,NA,3,20190316,"imagery","PlanetExplorer","satellite","Planet","PlanetScope (formerly Dove CubeSats)","SF",NA
"19",19,1,115.02,1200,NA,NA,5,20160208,"imagery","PlanetExplorer","satellite","Planet","RapidEye","SF",NA
"20",19,2,97.6,530.6,NA,NA,5,20160208,"imagery","PlanetExplorer","satellite","Planet","RapidEye","SF",NA
"21",19,3,92.46,665.6,NA,NA,5,20160208,"imagery","PlanetExplorer","satellite","Planet","RapidEye","SF",NA
"22",19,1,356.79,9980,NA,NA,10,20180307,"imagery","PlanetExplorer","satellite","ESA","Sentinel-2","SF",NA
"23",19,2,350.55,1034,NA,NA,10,20180307,"imagery","PlanetExplorer","satellite","ESA","Sentinel-2","SF",NA
"24",19,3,366.6,1015,NA,NA,10,20180307,"imagery","PlanetExplorer","satellite","ESA","Sentinel-2","SF",NA
"25",19,1,417.79,16200,NA,NA,30,20190328,"imagery","PlanetExplorer","satellite","USGS","Landsat 8","SF",NA
"26",19,2,447.6,1345,NA,NA,30,20190328,"imagery","PlanetExplorer","satellite","USGS","Landsat 8","SF",NA
"27",19,3,440.6,1311,NA,NA,30,20190328,"imagery","PlanetExplorer","satellite","USGS","Landsat 8","SF",NA
"28",16,1,186,NA,"60","57",NA,20190521,"field","boat",NA,NA,"transect tape","SF",NA
"29",16,2,NA,NA,NA,NA,NA,20190521,"field","boat",NA,NA,"transect tape","SF",NA
"30",16,3,NA,NA,NA,NA,NA,20190521,"field","boat",NA,NA,"transect tape","SF",NA
"31",16,1,197,3017,NA,NA,0.15,20130115,"imagery","Google Earth","aerial","unknown","unknown","SF",NA
"32",16,2,198,3025,NA,NA,0.15,20130115,"imagery","Google Earth","aerial","unknown","unknown","SF",NA
"33",16,3,197,2989,NA,NA,0.15,20130115,"imagery","Google Earth","aerial","unknown","unknown","SF",NA
"34",16,1,207,3284,NA,NA,0.5,20130822,"imagery","Google Earth","satellite","DigitalGlobe","WorldView-1/2, GeoEye-1, or Quickbird","SF",NA
"35",16,2,207,3297,NA,NA,0.5,20130822,"imagery","Google Earth","satellite","DigitalGlobe","WorldView-1/2, GeoEye-1, or Quickbird","SF",NA
"36",16,3,207,3345,NA,NA,0.5,20130822,"imagery","Google Earth","satellite","DigitalGlobe","WorldView-1/2, GeoEye-1, or Quickbird","SF",NA
"37",16,1,200,3084,NA,NA,1,20110108,"imagery","Google Earth","satellite","DigitalGlobe","Ikonos","SF",NA
"38",16,2,198,3034,NA,NA,1,20110108,"imagery","Google Earth","satellite","DigitalGlobe","Ikonos","SF",NA
"39",16,3,192,2849,NA,NA,1,20110108,"imagery","Google Earth","satellite","DigitalGlobe","Ikonos","SF",NA
"40",16,1,199,3035,NA,NA,2,20030412,"imagery","Google Earth","satellite","DigitalGlobe","EarlyBird-1 (not 100% sure)","SF",NA
"41",16,2,217,3614,NA,NA,2,20030412,"imagery","Google Earth","satellite","DigitalGlobe","EarlyBird-1 (not 100% sure)","SF",NA
"42",16,3,194,2884,NA,NA,2,20030412,"imagery","Google Earth","satellite","DigitalGlobe","EarlyBird-1 (not 100% sure)","SF",NA
"43",16,1,150.53,1630,NA,NA,3,20190316,"imagery","PlanetExplorer","satellite","Planet","PlanetScope (formerly Dove CubeSats)","SF",NA
"44",16,2,211.26,3380,NA,NA,3,20190316,"imagery","PlanetExplorer","satellite","Planet","PlanetScope (formerly Dove CubeSats)","SF",NA
"45",16,3,214.73,3720,NA,NA,3,20190316,"imagery","PlanetExplorer","satellite","Planet","PlanetScope (formerly Dove CubeSats)","SF",NA
"46",16,1,114.41,3701,NA,NA,5,20160208,"imagery","PlanetExplorer","satellite","Planet","RapidEye","SF",NA
"47",16,2,200.7,3170,NA,NA,5,20160208,"imagery","PlanetExplorer","satellite","Planet","RapidEye","SF",NA
"48",16,3,217,3480,NA,NA,5,20160208,"imagery","PlanetExplorer","satellite","Planet","RapidEye","SF",NA
"49",16,1,287.33,7050,NA,NA,10,20180307,"imagery","PlanetExplorer","satellite","ESA","Sentinel-2","SF",NA
"50",16,2,286.2,6010,NA,NA,10,20180307,"imagery","PlanetExplorer","satellite","ESA","Sentinel-2","SF",NA
"51",16,3,285.19,6240,NA,NA,10,20180307,"imagery","PlanetExplorer","satellite","ESA","Sentinel-2","SF",NA
"52",16,1,391.79,13220,NA,NA,30,20190328,"imagery","PlanetExplorer","satellite","USGS","Landsat 8","SF",NA
"53",16,2,317.5,6170,NA,NA,30,20190328,"imagery","PlanetExplorer","satellite","USGS","Landsat 8","SF",NA
"54",16,3,346.4,1074,NA,NA,30,20190328,"imagery","PlanetExplorer","satellite","USGS","Landsat 8","SF",NA
"55",12,1,NA,NA,NA,NA,NA,20190522,"field","boat",NA,NA,"transect tape","SF",NA
"56",12,2,NA,NA,NA,NA,NA,20190522,"field","boat",NA,NA,"transect tape","SF",NA
"57",12,3,NA,NA,NA,NA,NA,20190522,"field","boat",NA,NA,"transect tape","SF",NA
"58",12,1,416,13346,NA,NA,0.15,20130115,"imagery","Google Earth","aerial","unknown","unknown","SF",NA
"59",12,2,418,13497,NA,NA,0.15,20130115,"imagery","Google Earth","aerial","unknown","unknown","SF",NA
"60",12,3,416,13414,NA,NA,0.15,20130115,"imagery","Google Earth","aerial","unknown","unknown","SF",NA
"61",12,1,392,11827,NA,NA,0.5,20130822,"imagery","Google Earth","satellite","DigitalGlobe","WorldView-1/2, GeoEye-1, or Quickbird","SF",NA
"62",12,2,399,12215,NA,NA,0.5,20130822,"imagery","Google Earth","satellite","DigitalGlobe","WorldView-1/2, GeoEye-1, or Quickbird","SF",NA
"63",12,3,383,11461,NA,NA,0.5,20130822,"imagery","Google Earth","satellite","DigitalGlobe","WorldView-1/2, GeoEye-1, or Quickbird","SF",NA
"64",12,1,371,10659,NA,NA,1,20110108,"imagery","Google Earth","satellite","DigitalGlobe","Ikonos","SF",NA
"65",12,2,368,10541,NA,NA,1,20110108,"imagery","Google Earth","satellite","DigitalGlobe","Ikonos","SF",NA
"66",12,3,370,10621,NA,NA,1,20110108,"imagery","Google Earth","satellite","DigitalGlobe","Ikonos","SF",NA
"67",12,1,381,11278,NA,NA,2,20030412,"imagery","Google Earth","satellite","DigitalGlobe","EarlyBird-1 (not 100% sure)","SF",NA
"68",12,2,392,11951,NA,NA,2,20030412,"imagery","Google Earth","satellite","DigitalGlobe","EarlyBird-1 (not 100% sure)","SF",NA
"69",12,3,388,11651,NA,NA,2,20030412,"imagery","Google Earth","satellite","DigitalGlobe","EarlyBird-1 (not 100% sure)","SF",NA
"70",12,1,393.57,12800,NA,NA,3,20190316,"imagery","PlanetExplorer","satellite","Planet","PlanetScope (formerly Dove CubeSats)","SF",NA
"71",12,2,420.46,12720,NA,NA,3,20190316,"imagery","PlanetExplorer","satellite","Planet","PlanetScope (formerly Dove CubeSats)","SF",NA
"72",12,3,413.75,12710,NA,NA,3,20190316,"imagery","PlanetExplorer","satellite","Planet","PlanetScope (formerly Dove CubeSats)","SF",NA
"73",12,1,373.8,11940,NA,NA,5,20160208,"imagery","PlanetExplorer","satellite","Planet","RapidEye","SF",NA
"74",12,2,401,12480,NA,NA,5,20160208,"imagery","PlanetExplorer","satellite","Planet","RapidEye","SF",NA
"75",12,3,395.25,11440,NA,NA,5,20160208,"imagery","PlanetExplorer","satellite","Planet","RapidEye","SF",NA
"76",12,1,444.7,15350,NA,NA,10,20180307,"imagery","PlanetExplorer","satellite","ESA","Sentinel-2","SF",NA
"77",12,2,403.45,13140,NA,NA,10,20180307,"imagery","PlanetExplorer","satellite","ESA","Sentinel-2","SF",NA
"78",12,3,434.11,12990,NA,NA,10,20180307,"imagery","PlanetExplorer","satellite","ESA","Sentinel-2","SF",NA
"79",12,1,498.53,21650,NA,NA,30,20190328,"imagery","PlanetExplorer","satellite","USGS","Landsat 8","SF",NA
"80",12,2,506.24,17150,NA,NA,30,20190328,"imagery","PlanetExplorer","satellite","USGS","Landsat 8","SF",NA
"81",12,3,518.38,21180,NA,NA,30,20190328,"imagery","PlanetExplorer","satellite","USGS","Landsat 8","SF",NA
"82",NA,1,NA,NA,NA,NA,0,NA,"field","boat",NA,NA,"transect tape","ASL",NA
"83",NA,2,NA,NA,NA,NA,0,NA,"field","boat",NA,NA,"transect tape","ASL",NA
"84",NA,3,NA,NA,NA,NA,0,NA,"field","boat",NA,NA,"transect tape","ASL",NA
"85",12,1,363.5,10533,NA,NA,0.15,20130115,"imagery","Google Earth","aerial","unknown","unknown","ASL",NA
"86",12,2,368.5,10823,NA,NA,0.15,20130115,"imagery","Google Earth","aerial","unknown","unknown","ASL",NA
"87",12,3,369.8,10902,NA,NA,0.15,20130115,"imagery","Google Earth","aerial","unknown","unknown","ASL",NA
"88",12,1,354.6,10024,NA,NA,0.5,20130822,"imagery","Google Earth","satellite","DigitalGlobe","WorldView-1/2, GeoEye-1, or Quickbird","ASL",NA
"89",12,2,348,9655,NA,NA,0.5,20130822,"imagery","Google Earth","satellite","DigitalGlobe","WorldView-1/2, GeoEye-1, or Quickbird","ASL",NA
"90",12,3,372.4,11061,NA,NA,0.5,20130822,"imagery","Google Earth","satellite","DigitalGlobe","WorldView-1/2, GeoEye-1, or Quickbird","ASL",NA
"91",12,1,363.4,10528,NA,NA,1,20110108,"imagery","Google Earth","satellite","DigitalGlobe","Ikonos","ASL",NA
"92",12,2,366,10680,NA,NA,1,20110108,"imagery","Google Earth","satellite","DigitalGlobe","Ikonos","ASL",NA
"93",12,3,361.8,10439,NA,NA,1,20110108,"imagery","Google Earth","satellite","DigitalGlobe","Ikonos","ASL",NA
"94",12,1,365,10627,NA,NA,2,20030412,"imagery","Google Earth","satellite","DigitalGlobe","EarlyBird-1 (not 100% sure)","ASL",NA
"95",12,2,375.6,11248,NA,NA,2,20030412,"imagery","Google Earth","satellite","DigitalGlobe","EarlyBird-1 (not 100% sure)","ASL",NA
"96",12,3,365.3,10642,NA,NA,2,20030412,"imagery","Google Earth","satellite","DigitalGlobe","EarlyBird-1 (not 100% sure)","ASL",NA
"97",12,1,356.1,10470,NA,NA,3,20190316,"imagery","PlanetExplorer","satellite","Planet","PlanetScope (formerly Dove CubeSats)","ASL",NA
"98",12,2,360.6,10220,NA,NA,3,20190316,"imagery","PlanetExplorer","satellite","Planet","PlanetScope (formerly Dove CubeSats)","ASL",NA
"99",12,3,359,10380,NA,NA,3,20190316,"imagery","PlanetExplorer","satellite","Planet","PlanetScope (formerly Dove CubeSats)","ASL",NA
"100",12,1,361.6,10360,NA,NA,5,20160208,"imagery","PlanetExplorer","satellite","Planet","RapidEye","ASL",NA
"101",12,2,359,10600,NA,NA,5,20160208,"imagery","PlanetExplorer","satellite","Planet","RapidEye","ASL",NA
"102",12,3,352,10390,NA,NA,5,20160208,"imagery","PlanetExplorer","satellite","Planet","RapidEye","ASL",NA
"103",12,1,390,11920,NA,NA,10,20180307,"imagery","PlanetExplorer","satellite","ESA","Sentinel-2","ASL",NA
"104",12,2,358,10420,NA,NA,10,20180307,"imagery","PlanetExplorer","satellite","ESA","Sentinel-2","ASL",NA
"105",12,3,402,10000,NA,NA,10,20180307,"imagery","PlanetExplorer","satellite","ESA","Sentinel-2","ASL",NA
"106",12,1,407,11620,NA,NA,30,20190328,"imagery","PlanetExplorer","satellite","USGS","Landsat 8","ASL",NA
"107",12,2,400,13100,NA,NA,30,20190328,"imagery","PlanetExplorer","satellite","USGS","Landsat 8","ASL",NA
"108",12,3,390,12400,NA,NA,30,20190328,"imagery","PlanetExplorer","satellite","USGS","Landsat 8","ASL",NA
"109",16,1,178.8,2545.33757961783,NA,NA,0,NA,"field","boat",NA,NA,"transect tape","ASL",NA
"110",16,2,185.574,2741.85585,"59.1",NA,0,NA,"field","boat",NA,NA,"transect tape","ASL",NA
"111",16,3,176.468,2479.3754,NA,"56.2",0,NA,"field","boat",NA,NA,"transect tape","ASL",NA
"112",16,1,181,2614,NA,NA,0.15,20130115,"imagery","Google Earth","aerial","unknown","unknown","ASL",NA
"113",16,2,190,2907,NA,NA,0.15,20130115,"imagery","Google Earth","aerial","unknown","unknown","ASL",NA
"114",16,3,185.6,2745,NA,NA,0.15,20130115,"imagery","Google Earth","aerial","unknown","unknown","ASL",NA
"115",16,1,198,3127,NA,NA,0.5,20130822,"imagery","Google Earth","satellite","DigitalGlobe","WorldView-1/2, GeoEye-1, or Quickbird","ASL",NA
"116",16,2,201.7,3244,NA,NA,0.5,20130822,"imagery","Google Earth","satellite","DigitalGlobe","WorldView-1/2, GeoEye-1, or Quickbird","ASL",NA
"117",16,3,187,2793,NA,NA,0.5,20130822,"imagery","Google Earth","satellite","DigitalGlobe","WorldView-1/2, GeoEye-1, or Quickbird","ASL",NA
"118",16,1,174.5,2427,NA,NA,1,20110108,"imagery","Google Earth","satellite","DigitalGlobe","Ikonos","ASL",NA
"119",16,2,184.5,2716,NA,NA,1,20110108,"imagery","Google Earth","satellite","DigitalGlobe","Ikonos","ASL",NA
"120",16,3,183.4,2680,NA,NA,1,20110108,"imagery","Google Earth","satellite","DigitalGlobe","Ikonos","ASL",NA
"121",16,1,185.6,2747,NA,NA,2,20030412,"imagery","Google Earth","satellite","DigitalGlobe","EarlyBird-1 (not 100% sure)","ASL",NA
"122",16,2,192,2952,NA,NA,2,20030412,"imagery","Google Earth","satellite","DigitalGlobe","EarlyBird-1 (not 100% sure)","ASL",NA
"123",16,3,193,2975,NA,NA,2,20030412,"imagery","Google Earth","satellite","DigitalGlobe","EarlyBird-1 (not 100% sure)","ASL",NA
"124",16,1,170,2680,NA,NA,3,20190316,"imagery","PlanetExplorer","satellite","Planet","PlanetScope (formerly Dove CubeSats)","ASL",NA
"125",16,2,177.4,2470,NA,NA,3,20190316,"imagery","PlanetExplorer","satellite","Planet","PlanetScope (formerly Dove CubeSats)","ASL",NA
"126",16,3,182.6,2710,NA,NA,3,20190316,"imagery","PlanetExplorer","satellite","Planet","PlanetScope (formerly Dove CubeSats)","ASL",NA
"127",16,1,175,2470,NA,NA,5,20160208,"imagery","PlanetExplorer","satellite","Planet","RapidEye","ASL",NA
"128",16,2,177,2280,NA,NA,5,20160208,"imagery","PlanetExplorer","satellite","Planet","RapidEye","ASL",NA
"129",16,3,181,2620,NA,NA,5,20160208,"imagery","PlanetExplorer","satellite","Planet","RapidEye","ASL",NA
"130",16,1,195,2330,NA,NA,10,20180307,"imagery","PlanetExplorer","satellite","ESA","Sentinel-2","ASL",NA
"131",16,2,200,2100,NA,NA,10,20180307,"imagery","PlanetExplorer","satellite","ESA","Sentinel-2","ASL",NA
"132",16,3,191,2460,NA,NA,10,20180307,"imagery","PlanetExplorer","satellite","ESA","Sentinel-2","ASL",NA
"133",16,1,205,4000,NA,NA,30,20190328,"imagery","PlanetExplorer","satellite","USGS","Landsat 8","ASL",NA
"134",16,2,178,3000,NA,NA,30,20190328,"imagery","PlanetExplorer","satellite","USGS","Landsat 8","ASL",NA
"135",16,3,193,2320,NA,NA,30,20190328,"imagery","PlanetExplorer","satellite","USGS","Landsat 8","ASL",NA
"136",19,1,103.8,857.837579617834,NA,NA,0,NA,"field","boat",NA,NA,"transect tape","ASL",NA
"137",19,2,94.2,706.5,"30",NA,0,NA,"field","boat",NA,NA,"transect tape","ASL",NA
"138",19,3,103.62,854.865,NA,"33",0,NA,"field","boat",NA,NA,"transect tape","ASL",NA
"139",19,1,108.6,941,NA,NA,0.15,20130115,"imagery","Google Earth","aerial","unknown","unknown","ASL",NA
"140",19,2,109.43,955,NA,NA,0.15,20130115,"imagery","Google Earth","aerial","unknown","unknown","ASL",NA
"141",19,3,106,897,NA,NA,0.15,20130115,"imagery","Google Earth","aerial","unknown","unknown","ASL",NA
"142",19,1,104.9,876.9,NA,NA,0.5,20130822,"imagery","Google Earth","satellite","DigitalGlobe","WorldView-1/2, GeoEye-1, or Quickbird","ASL",NA
"143",19,2,106.2,899,NA,NA,0.5,20130822,"imagery","Google Earth","satellite","DigitalGlobe","WorldView-1/2, GeoEye-1, or Quickbird","ASL",NA
"144",19,3,110.9,979,NA,NA,0.5,20130822,"imagery","Google Earth","satellite","DigitalGlobe","WorldView-1/2, GeoEye-1, or Quickbird","ASL",NA
"145",19,1,107.4,919,NA,NA,1,20110108,"imagery","Google Earth","satellite","DigitalGlobe","Ikonos","ASL",NA
"146",19,2,108.6,940,NA,NA,1,20110108,"imagery","Google Earth","satellite","DigitalGlobe","Ikonos","ASL",NA
"147",19,3,102.47,838,NA,NA,1,20110108,"imagery","Google Earth","satellite","DigitalGlobe","Ikonos","ASL",NA
"148",19,1,123.8,1222,NA,NA,2,20030412,"imagery","Google Earth","satellite","DigitalGlobe","EarlyBird-1 (not 100% sure)","ASL",NA
"149",19,2,118.8,1125,NA,NA,2,20030412,"imagery","Google Earth","satellite","DigitalGlobe","EarlyBird-1 (not 100% sure)","ASL",NA
"150",19,3,117.9,1108,NA,NA,2,20030412,"imagery","Google Earth","satellite","DigitalGlobe","EarlyBird-1 (not 100% sure)","ASL",NA
"151",19,1,126.2,1440,NA,NA,3,20190316,"imagery","PlanetExplorer","satellite","Planet","PlanetScope (formerly Dove CubeSats)","ASL",NA
"152",19,2,117.3,1760,NA,NA,3,20190316,"imagery","PlanetExplorer","satellite","Planet","PlanetScope (formerly Dove CubeSats)","ASL",NA
"153",19,3,117.6,1030,NA,NA,3,20190316,"imagery","PlanetExplorer","satellite","Planet","PlanetScope (formerly Dove CubeSats)","ASL",NA
"154",19,1,146.3,1250,NA,NA,5,20160208,"imagery","PlanetExplorer","satellite","Planet","RapidEye","ASL",NA
"155",19,2,107.4,1130,NA,NA,5,20160208,"imagery","PlanetExplorer","satellite","Planet","RapidEye","ASL",NA
"156",19,3,98,1220,NA,NA,5,20160208,"imagery","PlanetExplorer","satellite","Planet","RapidEye","ASL",NA
"157",19,1,110,733,NA,NA,10,20180307,"imagery","PlanetExplorer","satellite","ESA","Sentinel-2","ASL",NA
"158",19,2,99,926,NA,NA,10,20180307,"imagery","PlanetExplorer","satellite","ESA","Sentinel-2","ASL",NA
"159",19,3,94,1050,NA,NA,10,20180307,"imagery","PlanetExplorer","satellite","ESA","Sentinel-2","ASL",NA
"160",19,1,120,1147,NA,NA,30,20190328,"imagery","PlanetExplorer","satellite","USGS","Landsat 8","ASL",NA
"161",19,2,115,1053,NA,NA,30,20190328,"imagery","PlanetExplorer","satellite","USGS","Landsat 8","ASL",NA
"162",19,3,90,645,NA,NA,30,20190328,"imagery","PlanetExplorer","satellite","USGS","Landsat 8","ASL",NA
"163",19,1,116,1028,NA,NA,0.15,20130115,"imagery","Google Earth","aerial","unknown","unknown","AC",NA
"164",NA,2,114,1011,NA,NA,0.15,20130115,"imagery","Google Earth","aerial","unknown","unknown","AC",NA
"165",NA,3,115,1020,NA,NA,0.15,20130115,"imagery","Google Earth","aerial","unknown","unknown","AC",NA
"166",19,1,119,1086,NA,NA,0.5,20130822,"imagery","Google Earth","satellite","DigitalGlobe","WorldView-1/2, GeoEye-1, or Quickbird","AC",NA
"167",NA,2,122,1156,NA,NA,0.5,20130822,"imagery","Google Earth","satellite","DigitalGlobe","WorldView-1/2, GeoEye-1, or Quickbird","AC",NA
"168",NA,3,109,945,NA,NA,0.5,20130822,"imagery","Google Earth","satellite","DigitalGlobe","WorldView-1/2, GeoEye-1, or Quickbird","AC",NA
"169",19,1,110,926,NA,NA,1,20110108,"imagery","Google Earth","satellite","DigitalGlobe","Ikonos","AC",NA
"170",NA,2,109,923,NA,NA,1,20110108,"imagery","Google Earth","satellite","DigitalGlobe","Ikonos","AC",NA
"171",NA,3,114,1007,NA,NA,1,20110108,"imagery","Google Earth","satellite","DigitalGlobe","Ikonos","AC",NA
"172",19,1,119,1106,NA,NA,2,20030412,"imagery","Google Earth","satellite","DigitalGlobe","EarlyBird-1 (not 100% sure)","AC",NA
"173",NA,2,112,986,NA,NA,2,20030412,"imagery","Google Earth","satellite","DigitalGlobe","EarlyBird-1 (not 100% sure)","AC",NA
"174",NA,3,122,1159,NA,NA,2,20030412,"imagery","Google Earth","satellite","DigitalGlobe","EarlyBird-1 (not 100% sure)","AC",NA
"175",19,1,150,1850,NA,NA,3,20190316,"imagery","PlanetExplorer","satellite","Planet","PlanetScope (formerly Dove CubeSats)","AC",NA
"176",NA,2,150,1850,NA,NA,3,20190316,"imagery","PlanetExplorer","satellite","Planet","PlanetScope (formerly Dove CubeSats)","AC",NA
"177",NA,3,144,1610,NA,NA,3,20190316,"imagery","PlanetExplorer","satellite","Planet","PlanetScope (formerly Dove CubeSats)","AC",NA
"178",19,1,124,1210,NA,NA,5,20160208,"imagery","PlanetExplorer","satellite","Planet","RapidEye","AC",NA
"179",NA,2,126,1170,NA,NA,5,20160208,"imagery","PlanetExplorer","satellite","Planet","RapidEye","AC",NA
"180",NA,3,129,1230,NA,NA,5,20160208,"imagery","PlanetExplorer","satellite","Planet","RapidEye","AC",NA
"181",19,1,110,897,NA,NA,10,20180307,"imagery","PlanetExplorer","satellite","ESA","Sentinel-2","AC",NA
"182",NA,2,122,1040,NA,NA,10,20180307,"imagery","PlanetExplorer","satellite","ESA","Sentinel-2","AC",NA
"183",NA,3,118,1050,NA,NA,10,20180307,"imagery","PlanetExplorer","satellite","ESA","Sentinel-2","AC",NA
"184",19,1,172,2000,NA,NA,30,20190328,"imagery","PlanetExplorer","satellite","USGS","Landsat 8","AC",NA
"185",NA,2,232,3800,NA,NA,30,20190328,"imagery","PlanetExplorer","satellite","USGS","Landsat 8","AC",NA
"186",NA,3,211,3350,NA,NA,30,20190328,"imagery","PlanetExplorer","satellite","USGS","Landsat 8","AC",NA
"187",16,1,197,2916,NA,NA,0.15,20130115,"imagery","Google Earth","aerial","unknown","unknown","AC",NA
"188",NA,2,193,2871,NA,NA,0.15,20130115,"imagery","Google Earth","aerial","unknown","unknown","AC",NA
"189",NA,3,196,2944,NA,NA,0.15,20130115,"imagery","Google Earth","aerial","unknown","unknown","AC",NA
"190",16,1,194,2890,NA,NA,0.5,20130822,"imagery","Google Earth","satellite","DigitalGlobe","WorldView-1/2, GeoEye-1, or Quickbird","AC",NA
"191",NA,2,199,3072,NA,NA,0.5,20130822,"imagery","Google Earth","satellite","DigitalGlobe","WorldView-1/2, GeoEye-1, or Quickbird","AC",NA
"192",NA,3,200,3115,NA,NA,0.5,20130822,"imagery","Google Earth","satellite","DigitalGlobe","WorldView-1/2, GeoEye-1, or Quickbird","AC",NA
"193",16,1,189,2777,NA,NA,1,20110108,"imagery","Google Earth","satellite","DigitalGlobe","Ikonos","AC",NA
"194",NA,2,190,2785,NA,NA,1,20110108,"imagery","Google Earth","satellite","DigitalGlobe","Ikonos","AC",NA
"195",NA,3,190,2819,NA,NA,1,20110108,"imagery","Google Earth","satellite","DigitalGlobe","Ikonos","AC",NA
"196",16,1,192,2865,NA,NA,2,20030412,"imagery","Google Earth","satellite","DigitalGlobe","EarlyBird-1 (not 100% sure)","AC",NA
"197",NA,2,192,2826,NA,NA,2,20030412,"imagery","Google Earth","satellite","DigitalGlobe","EarlyBird-1 (not 100% sure)","AC",NA
"198",NA,3,191,2812,NA,NA,2,20030412,"imagery","Google Earth","satellite","DigitalGlobe","EarlyBird-1 (not 100% sure)","AC",NA
"199",16,1,181,2970,NA,NA,3,20190316,"imagery","PlanetExplorer","satellite","Planet","PlanetScope (formerly Dove CubeSats)","AC",NA
"200",NA,2,193,2790,NA,NA,3,20190316,"imagery","PlanetExplorer","satellite","Planet","PlanetScope (formerly Dove CubeSats)","AC",NA
"201",NA,3,215,3420,NA,NA,3,20190316,"imagery","PlanetExplorer","satellite","Planet","PlanetScope (formerly Dove CubeSats)","AC",NA
"202",16,1,207,3360,NA,NA,5,20160208,"imagery","PlanetExplorer","satellite","Planet","RapidEye","AC",NA
"203",NA,2,210,3310,NA,NA,5,20160208,"imagery","PlanetExplorer","satellite","Planet","RapidEye","AC",NA
"204",NA,3,229,4040,NA,NA,5,20160208,"imagery","PlanetExplorer","satellite","Planet","RapidEye","AC",NA
"205",16,1,317,7530,NA,NA,10,20180307,"imagery","PlanetExplorer","satellite","ESA","Sentinel-2","AC",NA
"206",NA,2,259,4940,NA,NA,10,20180307,"imagery","PlanetExplorer","satellite","ESA","Sentinel-2","AC",NA
"207",NA,3,267,5400,NA,NA,10,20180307,"imagery","PlanetExplorer","satellite","ESA","Sentinel-2","AC",NA
"208",16,1,225,3740,NA,NA,30,20190328,"imagery","PlanetExplorer","satellite","USGS","Landsat 8","AC",NA
"209",NA,2,351,9300,NA,NA,30,20190328,"imagery","PlanetExplorer","satellite","USGS","Landsat 8","AC",NA
"210",NA,3,294,6560,NA,NA,30,20190328,"imagery","PlanetExplorer","satellite","USGS","Landsat 8","AC",NA
"211",12,1,387,11446,NA,NA,0.15,20130115,"imagery","Google Earth","aerial","unknown","unknown","AC",NA
"212",NA,2,382,11322,NA,NA,0.15,20130115,"imagery","Google Earth","aerial","unknown","unknown","AC",NA
"213",NA,3,381,11203,NA,NA,0.15,20130115,"imagery","Google Earth","aerial","unknown","unknown","AC",NA
"214",12,1,371,10561,NA,NA,0.5,20130822,"imagery","Google Earth","satellite","DigitalGlobe","WorldView-1/2, GeoEye-1, or Quickbird","AC",NA
"215",NA,2,375,10390,NA,NA,0.5,20130822,"imagery","Google Earth","satellite","DigitalGlobe","WorldView-1/2, GeoEye-1, or Quickbird","AC",NA
"216",NA,3,378,11017,NA,NA,0.5,20130822,"imagery","Google Earth","satellite","DigitalGlobe","WorldView-1/2, GeoEye-1, or Quickbird","AC",NA
"217",12,1,372,10675,NA,NA,1,20110108,"imagery","Google Earth","satellite","DigitalGlobe","Ikonos","AC",NA
"218",NA,2,372,11655,NA,NA,1,20110108,"imagery","Google Earth","satellite","DigitalGlobe","Ikonos","AC",NA
"219",NA,3,365,10321,NA,NA,1,20110108,"imagery","Google Earth","satellite","DigitalGlobe","Ikonos","AC",NA
"220",12,1,374,10852,NA,NA,2,20030412,"imagery","Google Earth","satellite","DigitalGlobe","EarlyBird-1 (not 100% sure)","AC",NA
"221",NA,2,383,11418,NA,NA,2,20030412,"imagery","Google Earth","satellite","DigitalGlobe","EarlyBird-1 (not 100% sure)","AC",NA
"222",NA,3,384,11347,NA,NA,2,20030412,"imagery","Google Earth","satellite","DigitalGlobe","EarlyBird-1 (not 100% sure)","AC",NA
"223",12,1,383,11180,NA,NA,3,20190316,"imagery","PlanetExplorer","satellite","Planet","PlanetScope (formerly Dove CubeSats)","AC",NA
"224",NA,2,396,12100,NA,NA,3,20190316,"imagery","PlanetExplorer","satellite","Planet","PlanetScope (formerly Dove CubeSats)","AC",NA
"225",NA,3,395,11830,NA,NA,3,20190316,"imagery","PlanetExplorer","satellite","Planet","PlanetScope (formerly Dove CubeSats)","AC",NA
"226",12,1,373,12570,NA,NA,5,20160208,"imagery","PlanetExplorer","satellite","Planet","RapidEye","AC",NA
"227",NA,2,348,9200,NA,NA,5,20160208,"imagery","PlanetExplorer","satellite","Planet","RapidEye","AC",NA
"228",NA,3,375,10870,NA,NA,5,20160208,"imagery","PlanetExplorer","satellite","Planet","RapidEye","AC",NA
"229",12,1,420,13340,NA,NA,10,20180307,"imagery","PlanetExplorer","satellite","ESA","Sentinel-2","AC",NA
"230",NA,2,429,14000,NA,NA,10,20180307,"imagery","PlanetExplorer","satellite","ESA","Sentinel-2","AC",NA
"231",NA,3,401,12140,NA,NA,10,20180307,"imagery","PlanetExplorer","satellite","ESA","Sentinel-2","AC",NA
"232",12,1,447,14990,NA,NA,30,20190328,"imagery","PlanetExplorer","satellite","USGS","Landsat 8","AC",NA
"233",NA,2,473,16910,NA,NA,30,20190328,"imagery","PlanetExplorer","satellite","USGS","Landsat 8","AC",NA
"234",NA,3,453,15190,NA,NA,30,20190328,"imagery","PlanetExplorer","satellite","USGS","Landsat 8","AC",NA
"235",NA,1,NA,NA,NA,NA,NA,NA,"field","boat",NA,NA,"transect tape",NA,NA
"236",NA,2,NA,NA,NA,NA,NA,NA,"field","boat",NA,NA,"transect tape",NA,NA
"237",NA,3,NA,NA,NA,NA,NA,NA,"field","boat",NA,NA,"transect tape",NA,NA
"238",12,1,391,11969,NA,NA,0.15,20130115,"imagery","Google Earth","aerial","unknown","unknown",NA,NA
"239",12,2,394,12127,NA,NA,0.15,20130115,"imagery","Google Earth","aerial","unknown","unknown",NA,NA
"240",12,3,415,13023,NA,NA,0.15,20130115,"imagery","Google Earth","aerial","unknown","unknown",NA,NA
"241",12,1,386,11419,NA,NA,0.5,20130822,"imagery","Google Earth","satellite","DigitalGlobe","WorldView-1/2, GeoEye-1, or Quickbird",NA,NA
"242",12,2,371,10669,NA,NA,0.5,20130822,"imagery","Google Earth","satellite","DigitalGlobe","WorldView-1/2, GeoEye-1, or Quickbird",NA,NA
"243",12,3,374,10841,NA,NA,0.5,20130822,"imagery","Google Earth","satellite","DigitalGlobe","WorldView-1/2, GeoEye-1, or Quickbird",NA,NA
"244",12,1,373,10812,NA,NA,1,20110108,"imagery","Google Earth","satellite","DigitalGlobe","Ikonos",NA,NA
"245",12,2,383,11403,NA,NA,1,20110108,"imagery","Google Earth","satellite","DigitalGlobe","Ikonos",NA,NA
"246",12,3,403,12381,NA,NA,1,20110108,"imagery","Google Earth","satellite","DigitalGlobe","Ikonos",NA,NA
"247",12,1,401,12539,NA,NA,2,20030412,"imagery","Google Earth","satellite","DigitalGlobe","EarlyBird-1 (not 100% sure)",NA,NA
"248",12,2,395,12167,NA,NA,2,20030412,"imagery","Google Earth","satellite","DigitalGlobe","EarlyBird-1 (not 100% sure)",NA,NA
"249",12,3,386,11529,NA,NA,2,20030412,"imagery","Google Earth","satellite","DigitalGlobe","EarlyBird-1 (not 100% sure)",NA,NA
"250",12,1,459,12220,NA,NA,3,20190316,"imagery","PlanetExplorer","satellite","Planet","PlanetScope (formerly Dove CubeSats)",NA,NA
"251",12,2,403,13790,NA,NA,3,20190316,"imagery","PlanetExplorer","satellite","Planet","PlanetScope (formerly Dove CubeSats)",NA,NA
"252",12,3,378,12440,NA,NA,3,20190316,"imagery","PlanetExplorer","satellite","Planet","PlanetScope (formerly Dove CubeSats)",NA,NA
"253",12,1,448,12560,NA,NA,5,20160208,"imagery","PlanetExplorer","satellite","Planet","RapidEye",NA,NA
"254",12,2,393,11840,NA,NA,5,20160208,"imagery","PlanetExplorer","satellite","Planet","RapidEye",NA,NA
"255",12,3,412,11820,NA,NA,5,20160208,"imagery","PlanetExplorer","satellite","Planet","RapidEye",NA,NA
"256",12,1,387,11050,NA,NA,10,20180307,"imagery","PlanetExplorer","satellite","ESA","Sentinel-2",NA,NA
"257",12,2,404,13930,NA,NA,10,20180307,"imagery","PlanetExplorer","satellite","ESA","Sentinel-2",NA,NA
"258",12,3,411,11400,NA,NA,10,20180307,"imagery","PlanetExplorer","satellite","ESA","Sentinel-2",NA,NA
"259",12,1,416,12910,NA,NA,30,20190328,"imagery","PlanetExplorer","satellite","USGS","Landsat 8",NA,NA
"260",12,2,398,12850,NA,NA,30,20190328,"imagery","PlanetExplorer","satellite","USGS","Landsat 8",NA,NA
"261",12,3,408,12480,NA,NA,30,20190328,"imagery","PlanetExplorer","satellite","USGS","Landsat 8",NA,NA
"262",NA,1,NA,NA,NA,NA,NA,NA,"field","boat",NA,NA,"transect tape",NA,NA
"263",NA,2,NA,NA,NA,NA,NA,NA,"field","boat",NA,NA,"transect tape",NA,NA
"264",NA,3,NA,NA,NA,NA,NA,NA,"field","boat",NA,NA,"transect tape",NA,NA
"265",16,1,226,3953,NA,NA,0.15,20130115,"imagery","Google Earth","aerial","unknown","unknown",NA,NA
"266",16,2,221,3817,NA,NA,0.15,20130115,"imagery","Google Earth","aerial","unknown","unknown",NA,NA
"267",16,3,218,3713,NA,NA,0.15,20130115,"imagery","Google Earth","aerial","unknown","unknown",NA,NA
"268",16,1,222,3848,NA,NA,0.5,20130822,"imagery","Google Earth","satellite","DigitalGlobe","WorldView-1/2, GeoEye-1, or Quickbird",NA,NA
"269",16,2,226,3976,NA,NA,0.5,20130822,"imagery","Google Earth","satellite","DigitalGlobe","WorldView-1/2, GeoEye-1, or Quickbird",NA,NA
"270",16,3,217,3675,NA,NA,0.5,20130822,"imagery","Google Earth","satellite","DigitalGlobe","WorldView-1/2, GeoEye-1, or Quickbird",NA,NA
"271",16,1,205,3250,NA,NA,1,20110108,"imagery","Google Earth","satellite","DigitalGlobe","Ikonos",NA,NA
"272",16,2,217,3676,NA,NA,1,20110108,"imagery","Google Earth","satellite","DigitalGlobe","Ikonos",NA,NA
"273",16,3,221,3760,NA,NA,1,20110108,"imagery","Google Earth","satellite","DigitalGlobe","Ikonos",NA,NA
"274",16,1,229,4077,NA,NA,2,20030412,"imagery","Google Earth","satellite","DigitalGlobe","EarlyBird-1 (not 100% sure)",NA,NA
"275",16,2,227,4018,NA,NA,2,20030412,"imagery","Google Earth","satellite","DigitalGlobe","EarlyBird-1 (not 100% sure)",NA,NA
"276",16,3,220,3738,NA,NA,2,20030412,"imagery","Google Earth","satellite","DigitalGlobe","EarlyBird-1 (not 100% sure)",NA,NA
"277",16,1,253,3560,NA,NA,3,20190316,"imagery","PlanetExplorer","satellite","Planet","PlanetScope (formerly Dove CubeSats)",NA,NA
"278",16,2,224,3440,NA,NA,3,20190316,"imagery","PlanetExplorer","satellite","Planet","PlanetScope (formerly Dove CubeSats)",NA,NA
"279",16,3,213,3270,NA,NA,3,20190316,"imagery","PlanetExplorer","satellite","Planet","PlanetScope (formerly Dove CubeSats)",NA,NA
"280",16,1,220,3560,NA,NA,5,20160208,"imagery","PlanetExplorer","satellite","Planet","RapidEye",NA,NA
"281",16,2,216,3720,NA,NA,5,20160208,"imagery","PlanetExplorer","satellite","Planet","RapidEye",NA,NA
"282",16,3,212,3000,NA,NA,5,20160208,"imagery","PlanetExplorer","satellite","Planet","RapidEye",NA,NA
"283",16,1,225,3510,NA,NA,10,20180307,"imagery","PlanetExplorer","satellite","ESA","Sentinel-2",NA,NA
"284",16,2,216,3130,NA,NA,10,20180307,"imagery","PlanetExplorer","satellite","ESA","Sentinel-2",NA,NA
"285",16,3,203,3250,NA,NA,10,20180307,"imagery","PlanetExplorer","satellite","ESA","Sentinel-2",NA,NA
"286",16,1,200,3030,NA,NA,30,20190328,"imagery","PlanetExplorer","satellite","USGS","Landsat 8",NA,NA
"287",16,2,194,3430,NA,NA,30,20190328,"imagery","PlanetExplorer","satellite","USGS","Landsat 8",NA,NA
"288",16,3,218,2920,NA,NA,30,20190328,"imagery","PlanetExplorer","satellite","USGS","Landsat 8",NA,NA
"289",NA,1,NA,NA,NA,NA,NA,NA,"field","boat",NA,NA,"transect tape",NA,NA
"290",NA,2,NA,NA,NA,NA,NA,NA,"field","boat",NA,NA,"transect tape",NA,NA
"291",NA,3,NA,NA,NA,NA,NA,NA,"field","boat",NA,NA,"transect tape",NA,NA
"292",19,1,140,1478,NA,NA,0.15,20130115,"imagery","Google Earth","aerial","unknown","unknown",NA,NA
"293",19,2,139,1517,NA,NA,0.15,20130115,"imagery","Google Earth","aerial","unknown","unknown",NA,NA
"294",19,3,138,1478,NA,NA,0.15,20130115,"imagery","Google Earth","aerial","unknown","unknown",NA,NA
"295",19,1,142,1577,NA,NA,0.5,20130822,"imagery","Google Earth","satellite","DigitalGlobe","WorldView-1/2, GeoEye-1, or Quickbird",NA,NA
"296",19,2,135,1424,NA,NA,0.5,20130822,"imagery","Google Earth","satellite","DigitalGlobe","WorldView-1/2, GeoEye-1, or Quickbird",NA,NA
"297",19,3,133,1385,NA,NA,0.5,20130822,"imagery","Google Earth","satellite","DigitalGlobe","WorldView-1/2, GeoEye-1, or Quickbird",NA,NA
"298",19,1,136,1434,NA,NA,1,20110108,"imagery","Google Earth","satellite","DigitalGlobe","Ikonos",NA,NA
"299",19,2,123,1148,NA,NA,1,20110108,"imagery","Google Earth","satellite","DigitalGlobe","Ikonos",NA,NA
"300",19,3,134,1261,NA,NA,1,20110108,"imagery","Google Earth","satellite","DigitalGlobe","Ikonos",NA,NA
"301",19,1,146,1643,NA,NA,2,20030412,"imagery","Google Earth","satellite","DigitalGlobe","EarlyBird-1 (not 100% sure)",NA,NA
"302",19,2,136,1430,NA,NA,2,20030412,"imagery","Google Earth","satellite","DigitalGlobe","EarlyBird-1 (not 100% sure)",NA,NA
"303",19,3,131,1350,NA,NA,2,20030412,"imagery","Google Earth","satellite","DigitalGlobe","EarlyBird-1 (not 100% sure)",NA,NA
"304",19,1,136,1660,NA,NA,3,20190316,"imagery","PlanetExplorer","satellite","Planet","PlanetScope (formerly Dove CubeSats)",NA,NA
"305",19,2,140,1440,NA,NA,3,20190316,"imagery","PlanetExplorer","satellite","Planet","PlanetScope (formerly Dove CubeSats)",NA,NA
"306",19,3,140,1530,NA,NA,3,20190316,"imagery","PlanetExplorer","satellite","Planet","PlanetScope (formerly Dove CubeSats)",NA,NA
"307",19,1,117,1800,NA,NA,5,20160208,"imagery","PlanetExplorer","satellite","Planet","RapidEye",NA,NA
"308",19,2,139,1420,NA,NA,5,20160208,"imagery","PlanetExplorer","satellite","Planet","RapidEye",NA,NA
"309",19,3,134,1390,NA,NA,5,20160208,"imagery","PlanetExplorer","satellite","Planet","RapidEye",NA,NA
"310",19,1,126,1440,NA,NA,10,20180307,"imagery","PlanetExplorer","satellite","ESA","Sentinel-2",NA,NA
"311",19,2,120,1380,NA,NA,10,20180307,"imagery","PlanetExplorer","satellite","ESA","Sentinel-2",NA,NA
"312",19,3,123,1290,NA,NA,10,20180307,"imagery","PlanetExplorer","satellite","ESA","Sentinel-2",NA,NA
"313",19,1,131,1420,NA,NA,30,20190328,"imagery","PlanetExplorer","satellite","USGS","Landsat 8",NA,NA
"314",19,2,126,1140,NA,NA,30,20190328,"imagery","PlanetExplorer","satellite","USGS","Landsat 8",NA,NA
"315",19,3,120,1210,NA,NA,30,20190328,"imagery","PlanetExplorer","satellite","USGS","Landsat 8",NA,NA
"316",16,1,189.92,2743.42,NA,NA,0.15,20130115,"imagery","Google Earth","aerial","unknown","unknown","TJQ",NA
"317",16,2,193.14,2888.12,NA,NA,0.15,20130115,"imagery","Google Earth","aerial","unknown","unknown","TJQ",NA
"318",16,3,189.05,2765.83,NA,NA,0.15,20130115,"imagery","Google Earth","aerial","unknown","unknown","TJQ",NA
"319",16,1,182.91,2518.47,NA,NA,0.5,20130822,"imagery","Google Earth","satellite","DigitalGlobe","WorldView-1/2, GeoEye-1, or Quickbird","TJQ",NA
"320",16,2,186.45,2589.5,NA,NA,0.5,20130822,"imagery","Google Earth","satellite","DigitalGlobe","WorldView-1/2, GeoEye-1, or Quickbird","TJQ",NA
"321",16,3,189.12,2626.3,NA,NA,0.5,20130822,"imagery","Google Earth","satellite","DigitalGlobe","WorldView-1/2, GeoEye-1, or Quickbird","TJQ",NA
"322",16,1,185.06,2585.93,NA,NA,1,20110108,"imagery","Google Earth","satellite","DigitalGlobe","Ikonos","TJQ",NA
"323",16,2,194.04,2823.95,NA,NA,1,20110108,"imagery","Google Earth","satellite","DigitalGlobe","Ikonos","TJQ",NA
"324",16,3,198.53,2926.83,NA,NA,1,20110108,"imagery","Google Earth","satellite","DigitalGlobe","Ikonos","TJQ",NA
"325",16,1,180.73,2454.2,NA,NA,2,20030412,"imagery","Google Earth","satellite","DigitalGlobe","EarlyBird-1 (not 100% sure)","TJQ",NA
"326",16,2,191.24,2644.79,NA,NA,2,20030412,"imagery","Google Earth","satellite","DigitalGlobe","EarlyBird-1 (not 100% sure)","TJQ",NA
"327",16,3,182.06,2506.58,NA,NA,2,20030412,"imagery","Google Earth","satellite","DigitalGlobe","EarlyBird-1 (not 100% sure)","TJQ",NA
"328",16,1,212.69,3400,NA,NA,3,20190316,"imagery","PlanetExplorer","satellite","Planet","PlanetScope (formerly Dove CubeSats)","TJQ",NA
"329",16,2,206.14,3410,NA,NA,3,20190316,"imagery","PlanetExplorer","satellite","Planet","PlanetScope (formerly Dove CubeSats)","TJQ",NA
"330",16,3,218.93,3430,NA,NA,3,20190316,"imagery","PlanetExplorer","satellite","Planet","PlanetScope (formerly Dove CubeSats)","TJQ",NA
"331",16,1,202.82,3140,NA,NA,5,20160208,"imagery","PlanetExplorer","satellite","Planet","RapidEye","TJQ",NA
"332",16,2,206.11,3210,NA,NA,5,20160208,"imagery","PlanetExplorer","satellite","Planet","RapidEye","TJQ",NA
"333",16,3,215.17,3260,NA,NA,5,20160208,"imagery","PlanetExplorer","satellite","Planet","RapidEye","TJQ",NA
"334",16,1,293.02,7030,NA,NA,10,20180307,"imagery","PlanetExplorer","satellite","ESA","Sentinel-2","TJQ",NA
"335",16,2,287.24,6780,NA,NA,10,20180307,"imagery","PlanetExplorer","satellite","ESA","Sentinel-2","TJQ",NA
"336",16,3,309.4,6920,NA,NA,10,20180307,"imagery","PlanetExplorer","satellite","ESA","Sentinel-2","TJQ",NA
"337",16,1,281.66,7740,NA,NA,30,20190328,"imagery","PlanetExplorer","satellite","USGS","Landsat 8","TJQ",NA
"338",16,2,289.55,7640,NA,NA,30,20190328,"imagery","PlanetExplorer","satellite","USGS","Landsat 8","TJQ",NA
"339",16,3,293.93,7280,NA,NA,30,20190328,"imagery","PlanetExplorer","satellite","USGS","Landsat 8","TJQ",NA
"340",19,1,111.31,931.06,NA,NA,0.15,20130115,"imagery","Google Earth","aerial","unknown","unknown","TJQ",NA
"341",19,2,108.82,910.27,NA,NA,0.15,20130115,"imagery","Google Earth","aerial","unknown","unknown","TJQ",NA
"342",19,3,111.06,948.35,NA,NA,0.15,20130115,"imagery","Google Earth","aerial","unknown","unknown","TJQ",NA
"343",19,1,111.27,895.95,NA,NA,0.5,20130822,"imagery","Google Earth","satellite","DigitalGlobe","WorldView-1/2, GeoEye-1, or Quickbird","TJQ",NA
"344",19,2,113.64,954.6,NA,NA,0.5,20130822,"imagery","Google Earth","satellite","DigitalGlobe","WorldView-1/2, GeoEye-1, or Quickbird","TJQ",NA
"345",19,3,115.58,957.96,NA,NA,0.5,20130822,"imagery","Google Earth","satellite","DigitalGlobe","WorldView-1/2, GeoEye-1, or Quickbird","TJQ",NA
"346",19,1,113.48,927.1,NA,NA,1,20110108,"imagery","Google Earth","satellite","DigitalGlobe","Ikonos","TJQ",NA
"347",19,2,108.09,908.19,NA,NA,1,20110108,"imagery","Google Earth","satellite","DigitalGlobe","Ikonos","TJQ",NA
"348",19,3,112.62,951.33,NA,NA,1,20110108,"imagery","Google Earth","satellite","DigitalGlobe","Ikonos","TJQ",NA
"349",19,1,108.45,862.23,NA,NA,2,20030412,"imagery","Google Earth","satellite","DigitalGlobe","EarlyBird-1 (not 100% sure)","TJQ",NA
"350",19,2,111.15,951.66,NA,NA,2,20030412,"imagery","Google Earth","satellite","DigitalGlobe","EarlyBird-1 (not 100% sure)","TJQ",NA
"351",19,3,114.61,965.79,NA,NA,2,20030412,"imagery","Google Earth","satellite","DigitalGlobe","EarlyBird-1 (not 100% sure)","TJQ",NA
"352",19,1,196.96,2270,NA,NA,3,20190316,"imagery","PlanetExplorer","satellite","Planet","PlanetScope (formerly Dove CubeSats)","TJQ",NA
"353",19,2,187.11,2640,NA,NA,3,20190316,"imagery","PlanetExplorer","satellite","Planet","PlanetScope (formerly Dove CubeSats)","TJQ",NA
"354",19,3,183.21,2590,NA,NA,3,20190316,"imagery","PlanetExplorer","satellite","Planet","PlanetScope (formerly Dove CubeSats)","TJQ",NA
"355",19,1,155.63,2220,NA,NA,5,20160208,"imagery","PlanetExplorer","satellite","Planet","RapidEye","TJQ",NA
"356",19,2,171.3,2460,NA,NA,5,20160208,"imagery","PlanetExplorer","satellite","Planet","RapidEye","TJQ",NA
"357",19,3,168.08,2450,NA,NA,5,20160208,"imagery","PlanetExplorer","satellite","Planet","RapidEye","TJQ",NA
"358",19,1,170.39,2210,NA,NA,10,20180307,"imagery","PlanetExplorer","satellite","ESA","Sentinel-2","TJQ",NA
"359",19,2,179.43,2790,NA,NA,10,20180307,"imagery","PlanetExplorer","satellite","ESA","Sentinel-2","TJQ",NA
"360",19,3,180.74,2210,NA,NA,10,20180307,"imagery","PlanetExplorer","satellite","ESA","Sentinel-2","TJQ",NA
"361",19,1,NA,NA,NA,NA,30,20190328,"imagery","PlanetExplorer","satellite","USGS","Landsat 8","TJQ",NA
"362",19,2,NA,NA,NA,NA,30,20190328,"imagery","PlanetExplorer","satellite","USGS","Landsat 8","TJQ",NA
"363",19,3,NA,NA,NA,NA,30,20190328,"imagery","PlanetExplorer","satellite","USGS","Landsat 8","TJQ",NA
"364",12,1,396.68,11950.2,NA,NA,0.15,20130115,"imagery","Google Earth","aerial","unknown","unknown","TJQ",NA
"365",12,2,394.01,11912.19,NA,NA,0.15,20130115,"imagery","Google Earth","aerial","unknown","unknown","TJQ",NA
"366",12,3,398.4,12263.73,NA,NA,0.15,20130115,"imagery","Google Earth","aerial","unknown","unknown","TJQ",NA
"367",12,1,404.64,11917.33,NA,NA,0.5,20130822,"imagery","Google Earth","satellite","DigitalGlobe","WorldView-1/2, GeoEye-1, or Quickbird","TJQ",NA
"368",12,2,385.21,10960.36,NA,NA,0.5,20130822,"imagery","Google Earth","satellite","DigitalGlobe","WorldView-1/2, GeoEye-1, or Quickbird","TJQ",NA
"369",12,3,383.41,11229.67,NA,NA,0.5,20130822,"imagery","Google Earth","satellite","DigitalGlobe","WorldView-1/2, GeoEye-1, or Quickbird","TJQ",NA
"370",12,1,372.75,10604.42,NA,NA,1,20110108,"imagery","Google Earth","satellite","DigitalGlobe","Ikonos","TJQ",NA
"371",12,2,373.86,10497.13,NA,NA,1,20110108,"imagery","Google Earth","satellite","DigitalGlobe","Ikonos","TJQ",NA
"372",12,3,372.19,10438.5,NA,NA,1,20110108,"imagery","Google Earth","satellite","DigitalGlobe","Ikonos","TJQ",NA
"373",12,1,380.32,10847.51,NA,NA,2,20030412,"imagery","Google Earth","satellite","DigitalGlobe","EarlyBird-1 (not 100% sure)","TJQ",NA
"374",12,2,375.45,10732.72,NA,NA,2,20030412,"imagery","Google Earth","satellite","DigitalGlobe","EarlyBird-1 (not 100% sure)","TJQ",NA
"375",12,3,374.47,10660.05,NA,NA,2,20030412,"imagery","Google Earth","satellite","DigitalGlobe","EarlyBird-1 (not 100% sure)","TJQ",NA
"376",12,1,418.76,12090,NA,NA,3,20190316,"imagery","PlanetExplorer","satellite","Planet","PlanetScope (formerly Dove CubeSats)","TJQ",NA
"377",12,2,413.89,12710,NA,NA,3,20190316,"imagery","PlanetExplorer","satellite","Planet","PlanetScope (formerly Dove CubeSats)","TJQ",NA
"378",12,3,409.33,12808,NA,NA,3,20190316,"imagery","PlanetExplorer","satellite","Planet","PlanetScope (formerly Dove CubeSats)","TJQ",NA
"379",12,1,393.19,12280,NA,NA,5,20160208,"imagery","PlanetExplorer","satellite","Planet","RapidEye","TJQ",NA
"380",12,2,404.86,12680,NA,NA,5,20160208,"imagery","PlanetExplorer","satellite","Planet","RapidEye","TJQ",NA
"381",12,3,410.11,12000,NA,NA,5,20160208,"imagery","PlanetExplorer","satellite","Planet","RapidEye","TJQ",NA
"382",12,1,387.77,11200,NA,NA,10,20180307,"imagery","PlanetExplorer","satellite","ESA","Sentinel-2","TJQ",NA
"383",12,2,402.05,12640,NA,NA,10,20180307,"imagery","PlanetExplorer","satellite","ESA","Sentinel-2","TJQ",NA
"384",12,3,397.76,12950,NA,NA,10,20180307,"imagery","PlanetExplorer","satellite","ESA","Sentinel-2","TJQ",NA
"385",12,1,428.8,15040,NA,NA,30,20190328,"imagery","PlanetExplorer","satellite","USGS","Landsat 8","TJQ",NA
"386",12,2,464.65,15920,NA,NA,30,20190328,"imagery","PlanetExplorer","satellite","USGS","Landsat 8","TJQ",NA
"387",12,3,461.76,15720,NA,NA,30,20190328,"imagery","PlanetExplorer","satellite","USGS","Landsat 8","TJQ",NA
"388",19,1,143,946,NA,NA,0.15,20130115,"imagery","Google Earth","aerial","unknown","unknown","MICG","PR19_0.15_01_MICG"
"389",19,2,116,1002,NA,NA,0.15,20130115,"imagery","Google Earth","aerial","unknown","unknown","MICG","PR19_0.15_02_MICG"
"390",19,1,127.06,1069.22,NA,NA,0.5,20130822,"imagery","Google Earth","satellite","DigitalGlobe","WorldView-1/2, GeoEye-1, or Quickbird","MICG","PR19_0.5_01_MICG"
"391",19,2,128,1246,NA,NA,0.5,20130822,"imagery","Google Earth","satellite","DigitalGlobe","WorldView-1/2, GeoEye-1, or Quickbird","MICG","PR19_0.5_02_MICG"
"392",19,1,131.71,1310.75,NA,NA,1,20110108,"imagery","Google Earth","satellite","DigitalGlobe","Ikonos","MICG","PR19_1_01_MICG"
"393",19,2,134,1319,NA,NA,1,20110108,"imagery","Google Earth","satellite","DigitalGlobe","Ikonos","MICG","PR19_1_02_MICG"
"394",19,1,134.09,1218.99,NA,NA,2,20030412,"imagery","Google Earth","satellite","DigitalGlobe","EarlyBird-1 (not 100% sure)","MICG",NA
"395",19,2,123.3,1137.32,NA,NA,2,20030412,"imagery","Google Earth","satellite","DigitalGlobe","EarlyBird-1 (not 100% sure)","MICG","PR19_2_2_MICG"
"396",19,1,94.6,8462,NA,NA,3,20190316,"imagery","PlanetExplorer","satellite","Planet","PlanetScope (formerly Dove CubeSats)","MICG","PR19_2_01_MICG"
"397",19,2,115.58,6310,NA,NA,3,20190316,"imagery","PlanetExplorer","satellite","Planet","PlanetScope (formerly Dove CubeSats)","MICG",NA
"398",19,1,107.6,8864,NA,NA,5,20160208,"imagery","PlanetExplorer","satellite","Planet","RapidEye","MICG",NA
"399",19,2,105,9880,NA,NA,5,20160208,"imagery","PlanetExplorer","satellite","Planet","RapidEye","MICG",NA
"400",19,1,110.8,1050,NA,NA,10,20180307,"imagery","PlanetExplorer","satellite","ESA","Sentinel-2","MICG",NA
"401",19,2,104,819,NA,NA,10,20180307,"imagery","PlanetExplorer","satellite","ESA","Sentinel-2","MICG",NA
"402",19,1,99,682.2,NA,NA,30,20190328,"imagery","PlanetExplorer","satellite","USGS","Landsat 8","MICG",NA
"403",19,2,83,643.81,NA,NA,30,20190328,"imagery","PlanetExplorer","satellite","USGS","Landsat 8","MICG",NA
"404",16,1,268,2713,NA,NA,0.15,20130115,"imagery","Google Earth","aerial","unknown","unknown","MICG","PR16_0.15_01_MICG"
"405",16,2,199,2982,NA,NA,0.15,20130115,"imagery","Google Earth","aerial","unknown","unknown","MICG","PR16_0.15_02_MICG"
"406",16,1,234.54,3345.86,NA,NA,0.5,20130822,"imagery","Google Earth","satellite","DigitalGlobe","WorldView-1/2, GeoEye-1, or Quickbird","MICG","PR16_0.5_01_MICG"
"407",16,2,236,4255,NA,NA,0.5,20130822,"imagery","Google Earth","satellite","DigitalGlobe","WorldView-1/2, GeoEye-1, or Quickbird","MICG","PR16_0.5_02_MICG"
"408",16,1,201.2,2971.42,NA,NA,1,20110108,"imagery","Google Earth","satellite","DigitalGlobe","Ikonos","MICG","PR16_1_01_MICG"
"409",16,2,198,2917,NA,NA,1,20110108,"imagery","Google Earth","satellite","DigitalGlobe","Ikonos","MICG","PR16_1_02_MICG"
"410",16,1,218.17,3397.7,NA,NA,2,20030412,"imagery","Google Earth","satellite","DigitalGlobe","EarlyBird-1 (not 100% sure)","MICG","PR16_2_01_MICG"
"411",16,2,215.1,3298,NA,NA,2,20030412,"imagery","Google Earth","satellite","DigitalGlobe","EarlyBird-1 (not 100% sure)","MICG","PR16_2_02_MICG"
"412",16,1,198.52,3561,NA,NA,3,20190316,"imagery","PlanetExplorer","satellite","Planet","PlanetScope (formerly Dove CubeSats)","MICG",NA
"413",16,2,190,3220,NA,NA,3,20190316,"imagery","PlanetExplorer","satellite","Planet","PlanetScope (formerly Dove CubeSats)","MICG",NA
"414",16,1,198,3120,NA,NA,5,20160208,"imagery","PlanetExplorer","satellite","Planet","RapidEye","MICG",NA
"415",16,2,189,3311,NA,NA,5,20160208,"imagery","PlanetExplorer","satellite","Planet","RapidEye","MICG",NA
"416",16,1,194.13,3929,NA,NA,10,20180307,"imagery","PlanetExplorer","satellite","ESA","Sentinel-2","MICG",NA
"417",16,2,208,3090,NA,NA,10,20180307,"imagery","PlanetExplorer","satellite","ESA","Sentinel-2","MICG",NA
"418",16,1,187.2,3290,NA,NA,30,20190328,"imagery","PlanetExplorer","satellite","USGS","Landsat 8","MICG",NA
"419",16,2,181.28,3110,NA,NA,30,20190328,"imagery","PlanetExplorer","satellite","USGS","Landsat 8","MICG",NA
"420",12,1,456.94,12654.77,NA,NA,0.15,20130115,"imagery","Google Earth","aerial","unknown","unknown","MICG","PR12_0.15_01_MICG"
"421",12,2,419,13275,NA,NA,0.15,20130115,"imagery","Google Earth","aerial","unknown","unknown","MICG","PR12_0.15_02_MICG"
"422",12,1,382.96,10782.91,NA,NA,0.5,20130822,"imagery","Google Earth","satellite","DigitalGlobe","WorldView-1/2, GeoEye-1, or Quickbird","MICG","PR12_0.5_01_MICG"
"423",12,2,390,11638,NA,NA,0.5,20130822,"imagery","Google Earth","satellite","DigitalGlobe","WorldView-1/2, GeoEye-1, or Quickbird","MICG","PR12_0.5_02_MICG"
"424",12,1,384.13,10761.04,NA,NA,1,20110108,"imagery","Google Earth","satellite","DigitalGlobe","Ikonos","MICG","PR12_1_01_MICG"
"425",12,2,365,10122,NA,NA,1,20110108,"imagery","Google Earth","satellite","DigitalGlobe","Ikonos","MICG","PR12_1_02_MICG"
"426",12,1,432.08,12026.25,NA,NA,2,20030412,"imagery","Google Earth","satellite","DigitalGlobe","EarlyBird-1 (not 100% sure)","MICG","PR12_2_01_MICG"
"427",12,2,404,12136,NA,NA,2,20030412,"imagery","Google Earth","satellite","DigitalGlobe","EarlyBird-1 (not 100% sure)","MICG","PR12_2_02_MICG"
"428",12,1,392.56,9830,NA,NA,3,20190316,"imagery","PlanetExplorer","satellite","Planet","PlanetScope (formerly Dove CubeSats)","MICG",NA
"429",12,2,337.44,8670,NA,NA,3,20190316,"imagery","PlanetExplorer","satellite","Planet","PlanetScope (formerly Dove CubeSats)","MICG",NA
"430",12,1,388.96,1140,NA,NA,5,20160208,"imagery","PlanetExplorer","satellite","Planet","RapidEye","MICG",NA
"431",12,2,390,1059,NA,NA,5,20160208,"imagery","PlanetExplorer","satellite","Planet","RapidEye","MICG",NA
"432",12,1,365.11,1128,NA,NA,10,20180307,"imagery","PlanetExplorer","satellite","ESA","Sentinel-2","MICG",NA
"433",12,2,368,1042,NA,NA,10,20180307,"imagery","PlanetExplorer","satellite","ESA","Sentinel-2","MICG",NA
"434",12,1,341.63,1024,NA,NA,30,20190328,"imagery","PlanetExplorer","satellite","USGS","Landsat 8","MICG",NA
"435",12,2,357.63,1017,NA,NA,30,20190328,"imagery","PlanetExplorer","satellite","USGS","Landsat 8","MICG",NA
"436",NA,NA,NA,NA,NA,NA,30,20190328,"imagery","PlanetExplorer","satellite","USGS","Landsat 8","MICG",NA
